tabla,variable,etiqueta,bloque,bloque_etiqueta,tipo,expr,denominador,tema,tema_etiqueta
unidades,ficha,Lógico: si el INE libera la ficha de indicadores de esta unidad,unidad,Unidad censal,categorica,CASE WHEN ficha THEN 1 ELSE 0 END,1,identificacion,Identificación de registros
unidades,personas,Personas empadronadas en la unidad,unidad,Unidad censal,numerica,personas,,poblacion,Población
unidades,viviendas,Viviendas empadronadas en la unidad,unidad,Unidad censal,numerica,viviendas,,vivienda_hogar,Vivienda y hogar
fichas,pob_edad_0a19,Población de 0 a 19 años,poblacion,Población,numerica,(pob_edad_0a19_h + pob_edad_0a19_m),(pob_total_h + pob_total_m),poblacion,Población
fichas,pob_edad_0a19_h,"Población de 0 a 19 años, hombres",poblacion,Población,numerica,pob_edad_0a19_h,pob_total_h,poblacion,Población
fichas,pob_edad_0a19_m,"Población de 0 a 19 años, mujeres",poblacion,Población,numerica,pob_edad_0a19_m,pob_total_m,poblacion,Población
fichas,pob_edad_20a39,Población de 20 a 39 años,poblacion,Población,numerica,(pob_edad_20a39_h + pob_edad_20a39_m),(pob_total_h + pob_total_m),poblacion,Población
fichas,pob_edad_20a39_h,"Población de 20 a 39 años, hombres",poblacion,Población,numerica,pob_edad_20a39_h,pob_total_h,poblacion,Población
fichas,pob_edad_20a39_m,"Población de 20 a 39 años, mujeres",poblacion,Población,numerica,pob_edad_20a39_m,pob_total_m,poblacion,Población
fichas,pob_edad_40a59,Población de 40 a 59 años,poblacion,Población,numerica,(pob_edad_40a59_h + pob_edad_40a59_m),(pob_total_h + pob_total_m),poblacion,Población
fichas,pob_edad_40a59_h,"Población de 40 a 59 años, hombres",poblacion,Población,numerica,pob_edad_40a59_h,pob_total_h,poblacion,Población
fichas,pob_edad_40a59_m,"Población de 40 a 59 años, mujeres",poblacion,Población,numerica,pob_edad_40a59_m,pob_total_m,poblacion,Población
fichas,pob_edad_60ymas,Población de 60 o más años,poblacion,Población,numerica,(pob_edad_60ymas_h + pob_edad_60ymas_m),(pob_total_h + pob_total_m),poblacion,Población
fichas,pob_edad_60ymas_h,"Población de 60 o más años, hombres",poblacion,Población,numerica,pob_edad_60ymas_h,pob_total_h,poblacion,Población
fichas,pob_edad_60ymas_m,"Población de 60 o más años, mujeres",poblacion,Población,numerica,pob_edad_60ymas_m,pob_total_m,poblacion,Población
fichas,pob_total,Población total,poblacion,Población,numerica,(pob_total_h + pob_total_m),,poblacion,Población
fichas,pob_total_h,"Población total, hombres",poblacion,Población,numerica,pob_total_h,,poblacion,Población
fichas,pob_total_m,"Población total, mujeres",poblacion,Población,numerica,pob_total_m,,poblacion,Población
fichas,edu_ninguno,Nivel de instrucción ninguno,educacion,Educación,numerica,(edu_ninguno_h + edu_ninguno_m),(edu_total_h + edu_total_m),educacion,Educación
fichas,edu_ninguno_h,"Nivel de instrucción ninguno, hombres",educacion,Educación,numerica,edu_ninguno_h,edu_total_h,educacion,Educación
fichas,edu_ninguno_m,"Nivel de instrucción ninguno, mujeres",educacion,Educación,numerica,edu_ninguno_m,edu_total_m,educacion,Educación
fichas,edu_ns,Nivel de instrucción sin especificar,educacion,Educación,numerica,(edu_ns_h + edu_ns_m),(edu_total_h + edu_total_m),educacion,Educación
fichas,edu_ns_h,"Nivel de instrucción sin especificar, hombres",educacion,Educación,numerica,edu_ns_h,edu_total_h,educacion,Educación
fichas,edu_ns_m,"Nivel de instrucción sin especificar, mujeres",educacion,Educación,numerica,edu_ns_m,edu_total_m,educacion,Educación
fichas,edu_primaria,Nivel de instrucción primaria,educacion,Educación,numerica,(edu_primaria_h + edu_primaria_m),(edu_total_h + edu_total_m),educacion,Educación
fichas,edu_primaria_h,"Nivel de instrucción primaria, hombres",educacion,Educación,numerica,edu_primaria_h,edu_total_h,educacion,Educación
fichas,edu_primaria_m,"Nivel de instrucción primaria, mujeres",educacion,Educación,numerica,edu_primaria_m,edu_total_m,educacion,Educación
fichas,edu_secundaria,Nivel de instrucción secundaria,educacion,Educación,numerica,(edu_secundaria_h + edu_secundaria_m),(edu_total_h + edu_total_m),educacion,Educación
fichas,edu_secundaria_h,"Nivel de instrucción secundaria, hombres",educacion,Educación,numerica,edu_secundaria_h,edu_total_h,educacion,Educación
fichas,edu_secundaria_m,"Nivel de instrucción secundaria, mujeres",educacion,Educación,numerica,edu_secundaria_m,edu_total_m,educacion,Educación
fichas,edu_superior,Nivel de instrucción superior,educacion,Educación,numerica,(edu_superior_h + edu_superior_m),(edu_total_h + edu_total_m),educacion,Educación
fichas,edu_superior_h,"Nivel de instrucción superior, hombres",educacion,Educación,numerica,edu_superior_h,edu_total_h,educacion,Educación
fichas,edu_superior_m,"Nivel de instrucción superior, mujeres",educacion,Educación,numerica,edu_superior_m,edu_total_m,educacion,Educación
fichas,edu_total,Población de 19 o más años,educacion,Educación,numerica,(edu_total_h + edu_total_m),,educacion,Educación
fichas,edu_total_h,"Población de 19 o más años, hombres",educacion,Educación,numerica,edu_total_h,,educacion,Educación
fichas,edu_total_m,"Población de 19 o más años, mujeres",educacion,Educación,numerica,edu_total_m,,educacion,Educación
fichas,salud_lugar_cajasalud,Acude a caja de salud,salud_lugar,Salud · dónde se atienden,numerica,(salud_lugar_cajasalud_h + salud_lugar_cajasalud_m),(salud_lugar_total_h + salud_lugar_total_m),salud_seguridad_social,Salud y seguridad social
fichas,salud_lugar_cajasalud_h,"Acude a caja de salud, hombres",salud_lugar,Salud · dónde se atienden,numerica,salud_lugar_cajasalud_h,salud_lugar_total_h,salud_seguridad_social,Salud y seguridad social
fichas,salud_lugar_cajasalud_m,"Acude a caja de salud, mujeres",salud_lugar,Salud · dónde se atienden,numerica,salud_lugar_cajasalud_m,salud_lugar_total_m,salud_seguridad_social,Salud y seguridad social
fichas,salud_lugar_casero,Acude a remedios caseros,salud_lugar,Salud · dónde se atienden,numerica,(salud_lugar_casero_h + salud_lugar_casero_m),(salud_lugar_total_h + salud_lugar_total_m),salud_seguridad_social,Salud y seguridad social
fichas,salud_lugar_casero_h,"Acude a remedios caseros, hombres",salud_lugar,Salud · dónde se atienden,numerica,salud_lugar_casero_h,salud_lugar_total_h,salud_seguridad_social,Salud y seguridad social
fichas,salud_lugar_casero_m,"Acude a remedios caseros, mujeres",salud_lugar,Salud · dónde se atienden,numerica,salud_lugar_casero_m,salud_lugar_total_m,salud_seguridad_social,Salud y seguridad social
fichas,salud_lugar_centroprivado,Acude a consultorio/clínica/hospital privado,salud_lugar,Salud · dónde se atienden,numerica,(salud_lugar_centroprivado_h + salud_lugar_centroprivado_m),(salud_lugar_total_h + salud_lugar_total_m),salud_seguridad_social,Salud y seguridad social
fichas,salud_lugar_centroprivado_h,"Acude a consultorio/clínica/hospital privado, hombres",salud_lugar,Salud · dónde se atienden,numerica,salud_lugar_centroprivado_h,salud_lugar_total_h,salud_seguridad_social,Salud y seguridad social
fichas,salud_lugar_centroprivado_m,"Acude a consultorio/clínica/hospital privado, mujeres",salud_lugar,Salud · dónde se atienden,numerica,salud_lugar_centroprivado_m,salud_lugar_total_m,salud_seguridad_social,Salud y seguridad social
fichas,salud_lugar_centropublico,Acude a puesto/centro/hospital de salud público,salud_lugar,Salud · dónde se atienden,numerica,(salud_lugar_centropublico_h + salud_lugar_centropublico_m),(salud_lugar_total_h + salud_lugar_total_m),salud_seguridad_social,Salud y seguridad social
fichas,salud_lugar_centropublico_h,"Acude a puesto/centro/hospital de salud público, hombres",salud_lugar,Salud · dónde se atienden,numerica,salud_lugar_centropublico_h,salud_lugar_total_h,salud_seguridad_social,Salud y seguridad social
fichas,salud_lugar_centropublico_m,"Acude a puesto/centro/hospital de salud público, mujeres",salud_lugar,Salud · dónde se atienden,numerica,salud_lugar_centropublico_m,salud_lugar_total_m,salud_seguridad_social,Salud y seguridad social
fichas,salud_lugar_domicilio,Acude a atención médica en domicilio,salud_lugar,Salud · dónde se atienden,numerica,(salud_lugar_domicilio_h + salud_lugar_domicilio_m),(salud_lugar_total_h + salud_lugar_total_m),salud_seguridad_social,Salud y seguridad social
fichas,salud_lugar_domicilio_h,"Acude a atención médica en domicilio, hombres",salud_lugar,Salud · dónde se atienden,numerica,salud_lugar_domicilio_h,salud_lugar_total_h,salud_seguridad_social,Salud y seguridad social
fichas,salud_lugar_domicilio_m,"Acude a atención médica en domicilio, mujeres",salud_lugar,Salud · dónde se atienden,numerica,salud_lugar_domicilio_m,salud_lugar_total_m,salud_seguridad_social,Salud y seguridad social
fichas,salud_lugar_farmacia,Acude a farmacia sin receta o se automedica,salud_lugar,Salud · dónde se atienden,numerica,(salud_lugar_farmacia_h + salud_lugar_farmacia_m),(salud_lugar_total_h + salud_lugar_total_m),salud_seguridad_social,Salud y seguridad social
fichas,salud_lugar_farmacia_h,"Acude a farmacia sin receta o se automedica, hombres",salud_lugar,Salud · dónde se atienden,numerica,salud_lugar_farmacia_h,salud_lugar_total_h,salud_seguridad_social,Salud y seguridad social
fichas,salud_lugar_farmacia_m,"Acude a farmacia sin receta o se automedica, mujeres",salud_lugar,Salud · dónde se atienden,numerica,salud_lugar_farmacia_m,salud_lugar_total_m,salud_seguridad_social,Salud y seguridad social
fichas,salud_lugar_total,Población que acude por problemas de salud,salud_lugar,Salud · dónde se atienden,numerica,(salud_lugar_total_h + salud_lugar_total_m),,salud_seguridad_social,Salud y seguridad social
fichas,salud_lugar_total_h,"Población que acude por problemas de salud, hombres",salud_lugar,Salud · dónde se atienden,numerica,salud_lugar_total_h,,salud_seguridad_social,Salud y seguridad social
fichas,salud_lugar_total_m,"Población que acude por problemas de salud, mujeres",salud_lugar,Salud · dónde se atienden,numerica,salud_lugar_total_m,,salud_seguridad_social,Salud y seguridad social
fichas,salud_lugar_tradicional,Acude a médica(o) tradicional ancestral,salud_lugar,Salud · dónde se atienden,numerica,(salud_lugar_tradicional_h + salud_lugar_tradicional_m),(salud_lugar_total_h + salud_lugar_total_m),salud_seguridad_social,Salud y seguridad social
fichas,salud_lugar_tradicional_h,"Acude a médica(o) tradicional ancestral, hombres",salud_lugar,Salud · dónde se atienden,numerica,salud_lugar_tradicional_h,salud_lugar_total_h,salud_seguridad_social,Salud y seguridad social
fichas,salud_lugar_tradicional_m,"Acude a médica(o) tradicional ancestral, mujeres",salud_lugar,Salud · dónde se atienden,numerica,salud_lugar_tradicional_m,salud_lugar_total_m,salud_seguridad_social,Salud y seguridad social
fichas,salud_seguro_cajasalud,Afiliado a caja de salud,salud_seguro,Salud · seguro,numerica,(salud_seguro_cajasalud_h + salud_seguro_cajasalud_m),(salud_seguro_total_h + salud_seguro_total_m),salud_seguridad_social,Salud y seguridad social
fichas,salud_seguro_cajasalud_h,"Afiliado a caja de salud, hombres",salud_seguro,Salud · seguro,numerica,salud_seguro_cajasalud_h,salud_seguro_total_h,salud_seguridad_social,Salud y seguridad social
fichas,salud_seguro_cajasalud_m,"Afiliado a caja de salud, mujeres",salud_seguro,Salud · seguro,numerica,salud_seguro_cajasalud_m,salud_seguro_total_m,salud_seguridad_social,Salud y seguridad social
fichas,salud_seguro_ninguno,Sin seguro de salud,salud_seguro,Salud · seguro,numerica,(salud_seguro_ninguno_h + salud_seguro_ninguno_m),(salud_seguro_total_h + salud_seguro_total_m),salud_seguridad_social,Salud y seguridad social
fichas,salud_seguro_ninguno_h,"Sin seguro de salud, hombres",salud_seguro,Salud · seguro,numerica,salud_seguro_ninguno_h,salud_seguro_total_h,salud_seguridad_social,Salud y seguridad social
fichas,salud_seguro_ninguno_m,"Sin seguro de salud, mujeres",salud_seguro,Salud · seguro,numerica,salud_seguro_ninguno_m,salud_seguro_total_m,salud_seguridad_social,Salud y seguridad social
fichas,salud_seguro_ns,Seguro de salud sin especificar,salud_seguro,Salud · seguro,numerica,(salud_seguro_ns_h + salud_seguro_ns_m),(salud_seguro_total_h + salud_seguro_total_m),salud_seguridad_social,Salud y seguridad social
fichas,salud_seguro_ns_h,"Seguro de salud sin especificar, hombres",salud_seguro,Salud · seguro,numerica,salud_seguro_ns_h,salud_seguro_total_h,salud_seguridad_social,Salud y seguridad social
fichas,salud_seguro_ns_m,"Seguro de salud sin especificar, mujeres",salud_seguro,Salud · seguro,numerica,salud_seguro_ns_m,salud_seguro_total_m,salud_seguridad_social,Salud y seguridad social
fichas,salud_seguro_privado,Afiliado a seguro privado de salud,salud_seguro,Salud · seguro,numerica,(salud_seguro_privado_h + salud_seguro_privado_m),(salud_seguro_total_h + salud_seguro_total_m),salud_seguridad_social,Salud y seguridad social
fichas,salud_seguro_privado_h,"Afiliado a seguro privado de salud, hombres",salud_seguro,Salud · seguro,numerica,salud_seguro_privado_h,salud_seguro_total_h,salud_seguridad_social,Salud y seguridad social
fichas,salud_seguro_privado_m,"Afiliado a seguro privado de salud, mujeres",salud_seguro,Salud · seguro,numerica,salud_seguro_privado_m,salud_seguro_total_m,salud_seguridad_social,Salud y seguridad social
fichas,salud_seguro_sus,Registrado al SUS,salud_seguro,Salud · seguro,numerica,(salud_seguro_sus_h + salud_seguro_sus_m),(salud_seguro_total_h + salud_seguro_total_m),salud_seguridad_social,Salud y seguridad social
fichas,salud_seguro_sus_h,"Registrado al SUS, hombres",salud_seguro,Salud · seguro,numerica,salud_seguro_sus_h,salud_seguro_total_h,salud_seguridad_social,Salud y seguridad social
fichas,salud_seguro_sus_m,"Registrado al SUS, mujeres",salud_seguro,Salud · seguro,numerica,salud_seguro_sus_m,salud_seguro_total_m,salud_seguridad_social,Salud y seguridad social
fichas,salud_seguro_total,Población con registro al SUS o seguro de salud,salud_seguro,Salud · seguro,numerica,(salud_seguro_total_h + salud_seguro_total_m),,salud_seguridad_social,Salud y seguridad social
fichas,salud_seguro_total_h,"Población con registro al SUS o seguro de salud, hombres",salud_seguro,Salud · seguro,numerica,salud_seguro_total_h,,salud_seguridad_social,Salud y seguridad social
fichas,salud_seguro_total_m,"Población con registro al SUS o seguro de salud, mujeres",salud_seguro,Salud · seguro,numerica,salud_seguro_total_m,,salud_seguridad_social,Salud y seguridad social
fichas,nac_aqui,Nacida aquí,nacimiento,Lugar de nacimiento,numerica,(nac_aqui_h + nac_aqui_m),(nac_total_h + nac_total_m),migracion,Migración
fichas,nac_aqui_h,"Nacida aquí, hombres",nacimiento,Lugar de nacimiento,numerica,nac_aqui_h,nac_total_h,migracion,Migración
fichas,nac_aqui_m,"Nacida aquí, mujeres",nacimiento,Lugar de nacimiento,numerica,nac_aqui_m,nac_total_m,migracion,Migración
fichas,nac_ns,Lugar de nacimiento sin especificar,nacimiento,Lugar de nacimiento,numerica,(nac_ns_h + nac_ns_m),(nac_total_h + nac_total_m),migracion,Migración
fichas,nac_ns_h,"Lugar de nacimiento sin especificar, hombres",nacimiento,Lugar de nacimiento,numerica,nac_ns_h,nac_total_h,migracion,Migración
fichas,nac_ns_m,"Lugar de nacimiento sin especificar, mujeres",nacimiento,Lugar de nacimiento,numerica,nac_ns_m,nac_total_m,migracion,Migración
fichas,nac_otromun,Nacida en otro municipio/TIOC del país,nacimiento,Lugar de nacimiento,numerica,(nac_otromun_h + nac_otromun_m),(nac_total_h + nac_total_m),migracion,Migración
fichas,nac_otromun_h,"Nacida en otro municipio/TIOC del país, hombres",nacimiento,Lugar de nacimiento,numerica,nac_otromun_h,nac_total_h,migracion,Migración
fichas,nac_otromun_m,"Nacida en otro municipio/TIOC del país, mujeres",nacimiento,Lugar de nacimiento,numerica,nac_otromun_m,nac_total_m,migracion,Migración
fichas,nac_otropais,Nacida en otro país,nacimiento,Lugar de nacimiento,numerica,(nac_otropais_h + nac_otropais_m),(nac_total_h + nac_total_m),migracion,Migración
fichas,nac_otropais_h,"Nacida en otro país, hombres",nacimiento,Lugar de nacimiento,numerica,nac_otropais_h,nac_total_h,migracion,Migración
fichas,nac_otropais_m,"Nacida en otro país, mujeres",nacimiento,Lugar de nacimiento,numerica,nac_otropais_m,nac_total_m,migracion,Migración
fichas,nac_total,Población por lugar de nacimiento,nacimiento,Lugar de nacimiento,numerica,(nac_total_h + nac_total_m),,migracion,Migración
fichas,nac_total_h,"Población por lugar de nacimiento, hombres",nacimiento,Lugar de nacimiento,numerica,nac_total_h,,migracion,Migración
fichas,nac_total_m,"Población por lugar de nacimiento, mujeres",nacimiento,Lugar de nacimiento,numerica,nac_total_m,,migracion,Migración
fichas,res_aqui,Reside habitualmente aquí,residencia,Residencia habitual,numerica,(res_aqui_h + res_aqui_m),(res_total_h + res_total_m),migracion,Migración
fichas,res_aqui_h,"Reside habitualmente aquí, hombres",residencia,Residencia habitual,numerica,res_aqui_h,res_total_h,migracion,Migración
fichas,res_aqui_m,"Reside habitualmente aquí, mujeres",residencia,Residencia habitual,numerica,res_aqui_m,res_total_m,migracion,Migración
fichas,res_ns,Residencia habitual sin especificar,residencia,Residencia habitual,numerica,(res_ns_h + res_ns_m),(res_total_h + res_total_m),migracion,Migración
fichas,res_ns_h,"Residencia habitual sin especificar, hombres",residencia,Residencia habitual,numerica,res_ns_h,res_total_h,migracion,Migración
fichas,res_ns_m,"Residencia habitual sin especificar, mujeres",residencia,Residencia habitual,numerica,res_ns_m,res_total_m,migracion,Migración
fichas,res_otromun,Reside en otro municipio/TIOC del país,residencia,Residencia habitual,numerica,(res_otromun_h + res_otromun_m),(res_total_h + res_total_m),migracion,Migración
fichas,res_otromun_h,"Reside en otro municipio/TIOC del país, hombres",residencia,Residencia habitual,numerica,res_otromun_h,res_total_h,migracion,Migración
fichas,res_otromun_m,"Reside en otro municipio/TIOC del país, mujeres",residencia,Residencia habitual,numerica,res_otromun_m,res_total_m,migracion,Migración
fichas,res_otropais,Reside en otro país,residencia,Residencia habitual,numerica,(res_otropais_h + res_otropais_m),(res_total_h + res_total_m),migracion,Migración
fichas,res_otropais_h,"Reside en otro país, hombres",residencia,Residencia habitual,numerica,res_otropais_h,res_total_h,migracion,Migración
fichas,res_otropais_m,"Reside en otro país, mujeres",residencia,Residencia habitual,numerica,res_otropais_m,res_total_m,migracion,Migración
fichas,res_total,Población por residencia habitual,residencia,Residencia habitual,numerica,(res_total_h + res_total_m),,migracion,Migración
fichas,res_total_h,"Población por residencia habitual, hombres",residencia,Residencia habitual,numerica,res_total_h,,migracion,Migración
fichas,res_total_m,"Población por residencia habitual, mujeres",residencia,Residencia habitual,numerica,res_total_m,,migracion,Migración
fichas,ocup_cuentapropia,Trabajadora(or) por cuenta propia,ocupacion,Ocupación,numerica,(ocup_cuentapropia_h + ocup_cuentapropia_m),(ocup_total_h + ocup_total_m),caracteristicas_economicas,Características económicas
fichas,ocup_cuentapropia_h,"Trabajadora(or) por cuenta propia, hombres",ocupacion,Ocupación,numerica,ocup_cuentapropia_h,ocup_total_h,caracteristicas_economicas,Características económicas
fichas,ocup_cuentapropia_m,"Trabajadora(or) por cuenta propia, mujeres",ocupacion,Ocupación,numerica,ocup_cuentapropia_m,ocup_total_m,caracteristicas_economicas,Características económicas
fichas,ocup_empleado,Empleada(o) u obrera(o),ocupacion,Ocupación,numerica,(ocup_empleado_h + ocup_empleado_m),(ocup_total_h + ocup_total_m),caracteristicas_economicas,Características económicas
fichas,ocup_empleado_h,"Empleada(o) u obrera(o), hombres",ocupacion,Ocupación,numerica,ocup_empleado_h,ocup_total_h,caracteristicas_economicas,Características económicas
fichas,ocup_empleado_m,"Empleada(o) u obrera(o), mujeres",ocupacion,Ocupación,numerica,ocup_empleado_m,ocup_total_m,caracteristicas_economicas,Características económicas
fichas,ocup_ns,Categoría ocupacional sin especificar,ocupacion,Ocupación,numerica,(ocup_ns_h + ocup_ns_m),(ocup_total_h + ocup_total_m),caracteristicas_economicas,Características económicas
fichas,ocup_ns_h,"Categoría ocupacional sin especificar, hombres",ocupacion,Ocupación,numerica,ocup_ns_h,ocup_total_h,caracteristicas_economicas,Características económicas
fichas,ocup_ns_m,"Categoría ocupacional sin especificar, mujeres",ocupacion,Ocupación,numerica,ocup_ns_m,ocup_total_m,caracteristicas_economicas,Características económicas
fichas,ocup_otros,Otra categoría ocupacional,ocupacion,Ocupación,numerica,(ocup_otros_h + ocup_otros_m),(ocup_total_h + ocup_total_m),caracteristicas_economicas,Características económicas
fichas,ocup_otros_h,"Otra categoría ocupacional, hombres",ocupacion,Ocupación,numerica,ocup_otros_h,ocup_total_h,caracteristicas_economicas,Características económicas
fichas,ocup_otros_m,"Otra categoría ocupacional, mujeres",ocupacion,Ocupación,numerica,ocup_otros_m,ocup_total_m,caracteristicas_economicas,Características económicas
fichas,ocup_total,Población de 14 o más años por categoría ocupacional,ocupacion,Ocupación,numerica,(ocup_total_h + ocup_total_m),,caracteristicas_economicas,Características económicas
fichas,ocup_total_h,"Población de 14 o más años por categoría ocupacional, hombres",ocupacion,Ocupación,numerica,ocup_total_h,,caracteristicas_economicas,Características económicas
fichas,ocup_total_m,"Población de 14 o más años por categoría ocupacional, mujeres",ocupacion,Ocupación,numerica,ocup_total_m,,caracteristicas_economicas,Características económicas
fichas,act_agricultura,"Agricultura, ganadería, silvicultura y pesca",actividad,Actividad económica,numerica,(act_agricultura_h + act_agricultura_m),(act_total_h + act_total_m),caracteristicas_economicas,Características económicas
fichas,act_agricultura_h,"Agricultura, ganadería, silvicultura y pesca, hombres",actividad,Actividad económica,numerica,act_agricultura_h,act_total_h,caracteristicas_economicas,Características económicas
fichas,act_agricultura_m,"Agricultura, ganadería, silvicultura y pesca, mujeres",actividad,Actividad económica,numerica,act_agricultura_m,act_total_m,caracteristicas_economicas,Características económicas
fichas,act_alojacomida,Alojamiento y servicio de comidas,actividad,Actividad económica,numerica,(act_alojacomida_h + act_alojacomida_m),(act_total_h + act_total_m),caracteristicas_economicas,Características económicas
fichas,act_alojacomida_h,"Alojamiento y servicio de comidas, hombres",actividad,Actividad económica,numerica,act_alojacomida_h,act_total_h,caracteristicas_economicas,Características económicas
fichas,act_alojacomida_m,"Alojamiento y servicio de comidas, mujeres",actividad,Actividad económica,numerica,act_alojacomida_m,act_total_m,caracteristicas_economicas,Características económicas
fichas,act_comercio,Comercio y reparación de vehículos,actividad,Actividad económica,numerica,(act_comercio_h + act_comercio_m),(act_total_h + act_total_m),caracteristicas_economicas,Características económicas
fichas,act_comercio_h,"Comercio y reparación de vehículos, hombres",actividad,Actividad económica,numerica,act_comercio_h,act_total_h,caracteristicas_economicas,Características económicas
fichas,act_comercio_m,"Comercio y reparación de vehículos, mujeres",actividad,Actividad económica,numerica,act_comercio_m,act_total_m,caracteristicas_economicas,Características económicas
fichas,act_construccion,Construcción,actividad,Actividad económica,numerica,(act_construccion_h + act_construccion_m),(act_total_h + act_total_m),caracteristicas_economicas,Características económicas
fichas,act_construccion_h,"Construcción, hombres",actividad,Actividad económica,numerica,act_construccion_h,act_total_h,caracteristicas_economicas,Características económicas
fichas,act_construccion_m,"Construcción, mujeres",actividad,Actividad económica,numerica,act_construccion_m,act_total_m,caracteristicas_economicas,Características económicas
fichas,act_ensenanza,Enseñanza,actividad,Actividad económica,numerica,(act_ensenanza_h + act_ensenanza_m),(act_total_h + act_total_m),caracteristicas_economicas,Características económicas
fichas,act_ensenanza_h,"Enseñanza, hombres",actividad,Actividad económica,numerica,act_ensenanza_h,act_total_h,caracteristicas_economicas,Características económicas
fichas,act_ensenanza_m,"Enseñanza, mujeres",actividad,Actividad económica,numerica,act_ensenanza_m,act_total_m,caracteristicas_economicas,Características económicas
fichas,act_manufactura,Industria manufacturera,actividad,Actividad económica,numerica,(act_manufactura_h + act_manufactura_m),(act_total_h + act_total_m),caracteristicas_economicas,Características económicas
fichas,act_manufactura_h,"Industria manufacturera, hombres",actividad,Actividad económica,numerica,act_manufactura_h,act_total_h,caracteristicas_economicas,Características económicas
fichas,act_manufactura_m,"Industria manufacturera, mujeres",actividad,Actividad económica,numerica,act_manufactura_m,act_total_m,caracteristicas_economicas,Características económicas
fichas,act_ns,Actividad económica sin especificar,actividad,Actividad económica,numerica,(act_ns_h + act_ns_m),(act_total_h + act_total_m),caracteristicas_economicas,Características económicas
fichas,act_ns_h,"Actividad económica sin especificar, hombres",actividad,Actividad económica,numerica,act_ns_h,act_total_h,caracteristicas_economicas,Características económicas
fichas,act_ns_m,"Actividad económica sin especificar, mujeres",actividad,Actividad económica,numerica,act_ns_m,act_total_m,caracteristicas_economicas,Características económicas
fichas,act_otras,Otras actividades económicas,actividad,Actividad económica,numerica,(act_otras_h + act_otras_m),(act_total_h + act_total_m),caracteristicas_economicas,Características económicas
fichas,act_otras_h,"Otras actividades económicas, hombres",actividad,Actividad económica,numerica,act_otras_h,act_total_h,caracteristicas_economicas,Características económicas
fichas,act_otras_m,"Otras actividades económicas, mujeres",actividad,Actividad económica,numerica,act_otras_m,act_total_m,caracteristicas_economicas,Características económicas
fichas,act_salud,Salud humana y asistencia social,actividad,Actividad económica,numerica,(act_salud_h + act_salud_m),(act_total_h + act_total_m),caracteristicas_economicas,Características económicas
fichas,act_salud_h,"Salud humana y asistencia social, hombres",actividad,Actividad económica,numerica,act_salud_h,act_total_h,caracteristicas_economicas,Características económicas
fichas,act_salud_m,"Salud humana y asistencia social, mujeres",actividad,Actividad económica,numerica,act_salud_m,act_total_m,caracteristicas_economicas,Características económicas
fichas,act_total,Población de 14 o más años por actividad económica,actividad,Actividad económica,numerica,(act_total_h + act_total_m),,caracteristicas_economicas,Características económicas
fichas,act_total_h,"Población de 14 o más años por actividad económica, hombres",actividad,Actividad económica,numerica,act_total_h,,caracteristicas_economicas,Características económicas
fichas,act_total_m,"Población de 14 o más años por actividad económica, mujeres",actividad,Actividad económica,numerica,act_total_m,,caracteristicas_economicas,Características económicas
fichas,act_transporte,Transporte y almacenamiento,actividad,Actividad económica,numerica,(act_transporte_h + act_transporte_m),(act_total_h + act_total_m),caracteristicas_economicas,Características económicas
fichas,act_transporte_h,"Transporte y almacenamiento, hombres",actividad,Actividad económica,numerica,act_transporte_h,act_total_h,caracteristicas_economicas,Características económicas
fichas,act_transporte_m,"Transporte y almacenamiento, mujeres",actividad,Actividad económica,numerica,act_transporte_m,act_total_m,caracteristicas_economicas,Características económicas
fichas,viv_tenencia_alquilada,Vivienda alquilada,vivienda,Vivienda,numerica,viv_tenencia_alquilada,viv_tenencia_total,vivienda_hogar,Vivienda y hogar
fichas,viv_tenencia_anticretico,Vivienda en anticrético o contrato mixto,vivienda,Vivienda,numerica,viv_tenencia_anticretico,viv_tenencia_total,vivienda_hogar,Vivienda y hogar
fichas,viv_tenencia_otra,Vivienda con otra tenencia,vivienda,Vivienda,numerica,viv_tenencia_otra,viv_tenencia_total,vivienda_hogar,Vivienda y hogar
fichas,viv_tenencia_prestada,Vivienda cedida o prestada,vivienda,Vivienda,numerica,viv_tenencia_prestada,viv_tenencia_total,vivienda_hogar,Vivienda y hogar
fichas,viv_tenencia_propia,Vivienda propia,vivienda,Vivienda,numerica,viv_tenencia_propia,viv_tenencia_total,vivienda_hogar,Vivienda y hogar
fichas,viv_tenencia_total,Viviendas ocupadas por tenencia,vivienda,Vivienda,numerica,viv_tenencia_total,,vivienda_hogar,Vivienda y hogar
fichas,viv_tipo_ausentes,Viviendas con personas temporalmente ausentes,vivienda,Vivienda,numerica,viv_tipo_ausentes,viv_total,vivienda_hogar,Vivienda y hogar
fichas,viv_tipo_colectiva,Viviendas colectivas,vivienda,Vivienda,numerica,viv_tipo_colectiva,viv_total,vivienda_hogar,Vivienda y hogar
fichas,viv_tipo_desocupada,Viviendas particulares desocupadas,vivienda,Vivienda,numerica,viv_tipo_desocupada,viv_total,vivienda_hogar,Vivienda y hogar
fichas,viv_tipo_particular,Viviendas particulares,vivienda,Vivienda,numerica,viv_tipo_particular,viv_total,vivienda_hogar,Vivienda y hogar
fichas,viv_tipo_presentes,Viviendas particulares con personas presentes,vivienda,Vivienda,numerica,viv_tipo_presentes,viv_total,vivienda_hogar,Vivienda y hogar
fichas,viv_total,Total de viviendas,vivienda,Vivienda,numerica,viv_total,,vivienda_hogar,Vivienda y hogar
fichas,serv_agua_caneria,Agua por cañería de red,servicios,Servicios básicos,numerica,serv_agua_caneria,serv_agua_total,servicios_basicos,Servicios básicos del hogar
fichas,serv_agua_carro,Agua de carro repartidor,servicios,Servicios básicos,numerica,serv_agua_carro,serv_agua_total,servicios_basicos,Servicios básicos del hogar
fichas,serv_agua_lluvia,Agua de cosecha de lluvia,servicios,Servicios básicos,numerica,serv_agua_lluvia,serv_agua_total,servicios_basicos,Servicios básicos del hogar
fichas,serv_agua_otra,Agua de otra procedencia,servicios,Servicios básicos,numerica,serv_agua_otra,serv_agua_total,servicios_basicos,Servicios básicos del hogar
fichas,serv_agua_pileta,Agua de pileta pública,servicios,Servicios básicos,numerica,serv_agua_pileta,serv_agua_total,servicios_basicos,Servicios básicos del hogar
fichas,serv_agua_pozobomba,Agua de pozo con bomba,servicios,Servicios básicos,numerica,serv_agua_pozobomba,serv_agua_total,servicios_basicos,Servicios básicos del hogar
fichas,serv_agua_pozosinbomba,Agua de pozo sin bomba o no protegido,servicios,Servicios básicos,numerica,serv_agua_pozosinbomba,serv_agua_total,servicios_basicos,Servicios básicos del hogar
fichas,serv_agua_total,Viviendas ocupadas por procedencia del agua,servicios,Servicios básicos,numerica,serv_agua_total,,servicios_basicos,Servicios básicos del hogar
fichas,serv_agua_vertienteno,"Agua de río, acequia o vertiente no protegida",servicios,Servicios básicos,numerica,serv_agua_vertienteno,serv_agua_total,servicios_basicos,Servicios básicos del hogar
fichas,serv_agua_vertientesi,Agua de manantial o vertiente protegida,servicios,Servicios básicos,numerica,serv_agua_vertientesi,serv_agua_total,servicios_basicos,Servicios básicos del hogar
fichas,serv_basura_basurero,Basura en contenedor o basurero público,servicios,Servicios básicos,numerica,serv_basura_basurero,serv_basura_total,servicios_basicos,Servicios básicos del hogar
fichas,serv_basura_calle,Basura en terreno baldío o la calle,servicios,Servicios básicos,numerica,serv_basura_calle,serv_basura_total,servicios_basicos,Servicios básicos del hogar
fichas,serv_basura_carro,Basura al carro basurero,servicios,Servicios básicos,numerica,serv_basura_carro,serv_basura_total,servicios_basicos,Servicios básicos del hogar
fichas,serv_basura_entierra,Basura enterrada,servicios,Servicios básicos,numerica,serv_basura_entierra,serv_basura_total,servicios_basicos,Servicios básicos del hogar
fichas,serv_basura_otro,Basura eliminada de otra forma,servicios,Servicios básicos,numerica,serv_basura_otro,serv_basura_total,servicios_basicos,Servicios básicos del hogar
fichas,serv_basura_quema,Basura quemada,servicios,Servicios básicos,numerica,serv_basura_quema,serv_basura_total,servicios_basicos,Servicios básicos del hogar
fichas,serv_basura_rio,Basura al río,servicios,Servicios básicos,numerica,serv_basura_rio,serv_basura_total,servicios_basicos,Servicios básicos del hogar
fichas,serv_basura_total,Viviendas ocupadas por eliminación de la basura,servicios,Servicios básicos,numerica,serv_basura_total,,servicios_basicos,Servicios básicos del hogar
fichas,serv_combustible_electricidad,Cocina con electricidad,servicios,Servicios básicos,numerica,serv_combustible_electricidad,serv_combustible_total,servicios_basicos,Servicios básicos del hogar
fichas,serv_combustible_gascaneria,Cocina con gas por cañería,servicios,Servicios básicos,numerica,serv_combustible_gascaneria,serv_combustible_total,servicios_basicos,Servicios básicos del hogar
fichas,serv_combustible_gasgarrafa,Cocina con gas en garrafa,servicios,Servicios básicos,numerica,serv_combustible_gasgarrafa,serv_combustible_total,servicios_basicos,Servicios básicos del hogar
fichas,serv_combustible_guano,"Cocina con guano, bosta o taquia",servicios,Servicios básicos,numerica,serv_combustible_guano,serv_combustible_total,servicios_basicos,Servicios básicos del hogar
fichas,serv_combustible_lena,Cocina con leña,servicios,Servicios básicos,numerica,serv_combustible_lena,serv_combustible_total,servicios_basicos,Servicios básicos del hogar
fichas,serv_combustible_nococina,No cocina,servicios,Servicios básicos,numerica,serv_combustible_nococina,serv_combustible_total,servicios_basicos,Servicios básicos del hogar
fichas,serv_combustible_otro,Cocina con otro combustible,servicios,Servicios básicos,numerica,serv_combustible_otro,serv_combustible_total,servicios_basicos,Servicios básicos del hogar
fichas,serv_combustible_solar,Cocina con energía solar,servicios,Servicios básicos,numerica,serv_combustible_solar,serv_combustible_total,servicios_basicos,Servicios básicos del hogar
fichas,serv_combustible_total,Viviendas ocupadas por combustible para cocinar,servicios,Servicios básicos,numerica,serv_combustible_total,,servicios_basicos,Servicios básicos del hogar
fichas,serv_desague_alcantarillado,Desagüe a la red de alcantarillado,servicios,Servicios básicos,numerica,serv_desague_alcantarillado,serv_desague_total,servicios_basicos,Servicios básicos del hogar
fichas,serv_desague_camara,Desagüe a cámara séptica,servicios,Servicios básicos,numerica,serv_desague_camara,serv_desague_total,servicios_basicos,Servicios básicos del hogar
fichas,serv_desague_ecologico,Baño ecológico,servicios,Servicios básicos,numerica,serv_desague_ecologico,serv_desague_total,servicios_basicos,Servicios básicos del hogar
fichas,serv_desague_ninguno,Sin servicio sanitario,servicios,Servicios básicos,numerica,serv_desague_ninguno,serv_desague_total,servicios_basicos,Servicios básicos del hogar
fichas,serv_desague_pozoabsorcion,Desagüe a pozo de absorción,servicios,Servicios básicos,numerica,serv_desague_pozoabsorcion,serv_desague_total,servicios_basicos,Servicios básicos del hogar
fichas,serv_desague_pozociego,Desagüe a pozo ciego,servicios,Servicios básicos,numerica,serv_desague_pozociego,serv_desague_total,servicios_basicos,Servicios básicos del hogar
fichas,serv_desague_superficie,Desagüe a la superficie,servicios,Servicios básicos,numerica,serv_desague_superficie,serv_desague_total,servicios_basicos,Servicios básicos del hogar
fichas,serv_desague_total,Viviendas ocupadas por desagüe del servicio sanitario,servicios,Servicios básicos,numerica,serv_desague_total,,servicios_basicos,Servicios básicos del hogar
fichas,serv_luz_motor,Energía eléctrica de motor propio,servicios,Servicios básicos,numerica,serv_luz_motor,serv_luz_total,servicios_basicos,Servicios básicos del hogar
fichas,serv_luz_ninguna,Sin energía eléctrica,servicios,Servicios básicos,numerica,serv_luz_ninguna,serv_luz_total,servicios_basicos,Servicios básicos del hogar
fichas,serv_luz_otra,Energía eléctrica de otra fuente,servicios,Servicios básicos,numerica,serv_luz_otra,serv_luz_total,servicios_basicos,Servicios básicos del hogar
fichas,serv_luz_publica,Energía eléctrica de servicio público,servicios,Servicios básicos,numerica,serv_luz_publica,serv_luz_total,servicios_basicos,Servicios básicos del hogar
fichas,serv_luz_solar,Energía eléctrica de panel solar,servicios,Servicios básicos,numerica,serv_luz_solar,serv_luz_total,servicios_basicos,Servicios básicos del hogar
fichas,serv_luz_total,Viviendas ocupadas por disponibilidad de energía eléctrica,servicios,Servicios básicos,numerica,serv_luz_total,,servicios_basicos,Servicios básicos del hogar
fichas,tic_celular,Hogares con teléfono celular,tic,TIC,numerica,tic_celular,tic_total,tic,Tecnologías de la información y comunicación
fichas,tic_internet,Hogares con internet fijo o móvil,tic,TIC,numerica,tic_internet,tic_total,tic,Tecnologías de la información y comunicación
fichas,tic_radio,Hogares con radio o equipo de sonido,tic,TIC,numerica,tic_radio,tic_total,tic,Tecnologías de la información y comunicación
fichas,tic_total,Hogares por tenencia de TIC,tic,TIC,numerica,tic_total,,tic,Tecnologías de la información y comunicación
fichas,tic_tv,Hogares con televisor,tic,TIC,numerica,tic_tv,tic_total,tic,Tecnologías de la información y comunicación
fichas,mat_pared_adobe,Paredes de adobe o tapial,material,Materiales de la vivienda,numerica,mat_pared_adobe,viv_tipo_presentes,materiales_construccion,Materiales de construcción
fichas,mat_pared_cana,"Paredes de caña, palma o tronco",material,Materiales de la vivienda,numerica,mat_pared_cana,viv_tipo_presentes,materiales_construccion,Materiales de construcción
fichas,mat_pared_ladrillo,"Paredes de ladrillo, bloque de cemento u hormigón",material,Materiales de la vivienda,numerica,mat_pared_ladrillo,viv_tipo_presentes,materiales_construccion,Materiales de construcción
fichas,mat_pared_madera,Paredes de madera,material,Materiales de la vivienda,numerica,mat_pared_madera,viv_tipo_presentes,materiales_construccion,Materiales de construcción
fichas,mat_pared_otro,Paredes de otro material,material,Materiales de la vivienda,numerica,mat_pared_otro,viv_tipo_presentes,materiales_construccion,Materiales de construcción
fichas,mat_pared_piedra,Paredes de piedra,material,Materiales de la vivienda,numerica,mat_pared_piedra,viv_tipo_presentes,materiales_construccion,Materiales de construcción
fichas,mat_pared_tabique,Paredes de tabique o quinche,material,Materiales de la vivienda,numerica,mat_pared_tabique,viv_tipo_presentes,materiales_construccion,Materiales de construcción
fichas,mat_piso_cemento,Piso de cemento,material,Materiales de la vivienda,numerica,mat_piso_cemento,viv_tipo_presentes,materiales_construccion,Materiales de construcción
fichas,mat_piso_ceramica,Piso de cerámica o porcelanato,material,Materiales de la vivienda,numerica,mat_piso_ceramica,viv_tipo_presentes,materiales_construccion,Materiales de construcción
fichas,mat_piso_flotante,Piso flotante,material,Materiales de la vivienda,numerica,mat_piso_flotante,viv_tipo_presentes,materiales_construccion,Materiales de construcción
fichas,mat_piso_ladrillo,Piso de ladrillo,material,Materiales de la vivienda,numerica,mat_piso_ladrillo,viv_tipo_presentes,materiales_construccion,Materiales de construcción
fichas,mat_piso_machimbre,Piso de machimbre o parquet,material,Materiales de la vivienda,numerica,mat_piso_machimbre,viv_tipo_presentes,materiales_construccion,Materiales de construcción
fichas,mat_piso_madera,Piso de tablón de madera,material,Materiales de la vivienda,numerica,mat_piso_madera,viv_tipo_presentes,materiales_construccion,Materiales de construcción
fichas,mat_piso_mosaico,Piso de mosaico o baldosa,material,Materiales de la vivienda,numerica,mat_piso_mosaico,viv_tipo_presentes,materiales_construccion,Materiales de construcción
fichas,mat_piso_otro,Piso de otro material,material,Materiales de la vivienda,numerica,mat_piso_otro,viv_tipo_presentes,materiales_construccion,Materiales de construcción
fichas,mat_piso_tierra,Piso de tierra,material,Materiales de la vivienda,numerica,mat_piso_tierra,viv_tipo_presentes,materiales_construccion,Materiales de construcción
fichas,mat_revoque_con,Vivienda con revoque en las paredes,material,Materiales de la vivienda,numerica,mat_revoque_con,viv_tipo_presentes,materiales_construccion,Materiales de construcción
fichas,mat_revoque_sin,Vivienda sin revoque en las paredes,material,Materiales de la vivienda,numerica,mat_revoque_sin,viv_tipo_presentes,materiales_construccion,Materiales de construcción
fichas,mat_techo_calamina,Techo de calamina o plancha metálica,material,Materiales de la vivienda,numerica,mat_techo_calamina,viv_tipo_presentes,materiales_construccion,Materiales de construcción
fichas,mat_techo_losa,Techo de losa de hormigón armado,material,Materiales de la vivienda,numerica,mat_techo_losa,viv_tipo_presentes,materiales_construccion,Materiales de construcción
fichas,mat_techo_otro,Techo de otro material,material,Materiales de la vivienda,numerica,mat_techo_otro,viv_tipo_presentes,materiales_construccion,Materiales de construcción
fichas,mat_techo_paja,"Techo de paja, palma, caña o barro",material,Materiales de la vivienda,numerica,mat_techo_paja,viv_tipo_presentes,materiales_construccion,Materiales de construcción
fichas,mat_techo_teja,"Techo de teja de arcilla, cemento o fibrocemento",material,Materiales de la vivienda,numerica,mat_techo_teja,viv_tipo_presentes,materiales_construccion,Materiales de construcción
fichas,hac_alto,Viviendas con hacinamiento alto (más de 3 por dormitorio o sin dormitorio),hacinamiento,Hacinamiento,numerica,hac_alto,viv_tipo_presentes,vivienda_hogar,Vivienda y hogar
fichas,hac_medio,Viviendas con hacinamiento medio (más de 2 y hasta 3 por dormitorio),hacinamiento,Hacinamiento,numerica,hac_medio,viv_tipo_presentes,vivienda_hogar,Vivienda y hogar
fichas,hac_sin,Viviendas sin hacinamiento (hasta 2 personas por dormitorio),hacinamiento,Hacinamiento,numerica,hac_sin,viv_tipo_presentes,vivienda_hogar,Vivienda y hogar
fichas,hogar_compuesto,Hogares compuestos,hogar,Tipo de hogar,numerica,hogar_compuesto,viv_tipo_presentes,vivienda_hogar,Vivienda y hogar
fichas,hogar_extendido,Hogares extendidos,hogar,Tipo de hogar,numerica,hogar_extendido,viv_tipo_presentes,vivienda_hogar,Vivienda y hogar
fichas,hogar_monoparental,Hogares monoparentales,hogar,Tipo de hogar,numerica,hogar_monoparental,viv_tipo_presentes,vivienda_hogar,Vivienda y hogar
fichas,hogar_nuclear,Hogares nucleares completos,hogar,Tipo de hogar,numerica,hogar_nuclear,viv_tipo_presentes,vivienda_hogar,Vivienda y hogar
fichas,hogar_otro,Hogares de otro tipo,hogar,Tipo de hogar,numerica,hogar_otro,viv_tipo_presentes,vivienda_hogar,Vivienda y hogar
fichas,hogar_pareja,Hogares de pareja nuclear,hogar,Tipo de hogar,numerica,hogar_pareja,viv_tipo_presentes,vivienda_hogar,Vivienda y hogar
fichas,hogar_sinjefe,Hogares sin jefe de hogar,hogar,Tipo de hogar,numerica,hogar_sinjefe,viv_tipo_presentes,vivienda_hogar,Vivienda y hogar
fichas,hogar_unipersonal,Hogares unipersonales,hogar,Tipo de hogar,numerica,hogar_unipersonal,viv_tipo_presentes,vivienda_hogar,Vivienda y hogar
